{
  "velocity_risk": -0.0019270141416033518,
  "velocity_complexity": -0.0019154253943937307,
  "ema_risk_rate": 0.12272127316188897,
  "ema_complexity_rate": 0.12272127316188897,
  "epoch_count": 72,
  "total_outcomes": 144,
  "last_risk_penalty": 0.122839,
  "last_complexity_penalty": 0.122803,
  "saved_at": 1772817262.5523615
}